	start	end	weight	mean_relative_abundance
0	Abiotrophia defectiva	NPNT	11.066792192523677	0.000273108531848752
1	Abiotrophia defectiva	MYC	7.355054631506804	0.000273108531848752
2	Abyssibius alkaniclasticus	CHIA	10.923674108547576	2.0772673090104785e-06
3	Acidihalobacter ferrooxydans	FAM13A	11.796667116804707	3.1709696497906702e-06
4	Acidovorax carolinensis	MFAP2	9.094737526414562	4.1164102091841655e-05
5	Acidovorax sp. 1608163	MAP2K1	7.28244690804902	9.967560125937338e-06
6	Acinetobacter bereziniae	RET	15.659270077705928	6.340402280905727e-07
7	Acinetobacter bereziniae	IL10	9.160602809890596	6.340402280905727e-07
8	Acinetobacter colistiniresistens	RET	20.38123843211739	1.953870485545608e-07
9	Acinetobacter colistiniresistens	CHIA	5.957813350195561	1.953870485545608e-07
10	Acinetobacter colistiniresistens	IL10	13.765279821327955	1.953870485545608e-07
11	Acinetobacter dispersus	CHIA	8.044587846019082	2.463175829249696e-07
12	Acinetobacter dispersus	CHRNA3	7.024267106588419	2.463175829249696e-07
13	Acinetobacter dispersus	CHRNB4	20.6939926326481	2.463175829249696e-07
14	Acinetobacter guillouiae	MET	7.178854181976789	1.235047561421897e-06
15	Acinetobacter indicus	PIK3CA	13.828085943294322	1.217429252942357e-05
16	Acinetobacter schindleri	PIK3CA	7.750244944470914	1.3435481493282568e-05
17	Acinetobacter septicus	AGER	14.118973651949089	4.1597107439212795e-06
18	Acinetobacter sp. ACNIH2	PIK3CA	7.024267106588419	1.3649544551299195e-06
19	Acinetobacter sp. ASP199	RET	20.38123843211739	9.76935242772804e-08
20	Acinetobacter sp. ASP199	CHIA	5.957813350195561	9.76935242772804e-08
21	Acinetobacter sp. ASP199	IL10	13.765279821327955	9.76935242772804e-08
22	Acinetobacter sp. C32I	CHIA	8.044587846019082	2.873705134124645e-07
23	Acinetobacter sp. C32I	CHRNA3	7.024267106588419	2.873705134124645e-07
24	Acinetobacter sp. C32I	CHRNB4	20.6939926326481	2.873705134124645e-07
25	Acinetobacter sp. LUNF3	ADGRG6	11.827008855986923	0.0001803136551053946
26	Acinetobacter sp. MYb10	KRAS	7.822679033798247	6.33852575858659e-07
27	Acinetobacter sp. MYb10	MET	16.910753032758056	6.33852575858659e-07
28	Acinetobacter sp. MYb10	IL10	8.241272658685997	6.33852575858659e-07
29	Acinetobacter sp. TAC-1	CHIA	8.044587846019082	9.442174012123833e-07
30	Acinetobacter sp. TAC-1	CHRNA3	7.024267106588419	9.442174012123833e-07
31	Acinetobacter sp. TAC-1	CHRNB4	20.6939926326481	9.442174012123833e-07
32	Acinetobacter sp. WCHA55	PIK3CA	7.024267106588419	9.49769329674769e-07
33	Acinetobacter sp. YH16040_T	RET	20.38123843211739	2.767983187856278e-07
34	Acinetobacter sp. YH16040_T	CHIA	5.957813350195561	2.767983187856278e-07
35	Acinetobacter sp. YH16040_T	IL10	13.765279821327955	2.767983187856278e-07
36	Acinetobacter sp. YH16056_T	RET	20.38123843211739	5.535966375712556e-07
37	Acinetobacter sp. YH16056_T	CHIA	5.957813350195561	5.535966375712556e-07
38	Acinetobacter sp. YH16056_T	IL10	13.765279821327955	5.535966375712556e-07
39	Acinetobacter ursingii	FAM13A	13.16574367266398	3.269797555221049e-06
40	Acinetobacter vivianii	CHIA	8.044587846019082	1.667923918518402e-07
41	Acinetobacter vivianii	CHRNA3	7.024267106588419	1.667923918518402e-07
42	Acinetobacter vivianii	CHRNB4	20.6939926326481	1.667923918518402e-07
43	Actinobacillus equuli	ERBB2	17.633095680630543	4.344081093703672e-05
44	Actinobacillus equuli	MFAP2	7.180596008707309	4.344081093703672e-05
45	Actinobacillus equuli	EGFR	8.604857122505646	4.344081093703672e-05
46	Actinomyces gaoshouyii	BRAF	7.723503791487824	6.500570769628309e-06
47	Actinomyces howellii	TP53	8.84649632445287	2.0415645571615754e-05
48	Actinomyces massiliensis	SERPINA1	6.4038549311381034	0.00013420434073636845
49	Actinomyces radicidentis	TP53	10.013403424417964	2.043267316328345e-05
50	Actinomyces viscosus	CHIA	9.839685268825624	9.153443787971088e-05
51	Actinotignum urinale	KRAS	6.889747358958401	1.2314105513348924e-05
52	Actinotignum urinale	BRAF	12.55530313763373	1.2314105513348924e-05
53	Aeromicrobium erythreum	CDKN2A	8.07373713703014	1.8913005050154966e-05
54	Aeromonas dhakensis	MET	18.48067203269557	1.4434850364145217e-05
55	Aeromonas salmonicida	AKT1	7.921229192234969	2.6438950617271563e-05
56	Aeromonas veronii	TP53	6.710743651711342	0.0002986790451628133
57	Aestuariispira ectoiniformans	ADAMTSL3	7.061717194561136	9.957323768433899e-06
58	Aggregatibacter aphrophilus	CHIA	6.5945147957928585	0.0016837274253534945
59	Akkermansia muciniphila	TP53	10.830027275994834	9.527311496568679e-06
60	Algoriphagus sp. NBT04N3	AKT1	14.61643351485891	5.256172833290841e-07
61	Algoriphagus sp. NBT04N3	TP53	11.3387596220451	5.256172833290841e-07
62	Algoriphagus sp. Y33	FAM13A	7.312182467781742	1.8111743966902412e-06
63	Aliiroseovarius crassostreae	CHIA	7.287262043647533	2.8096193251942313e-06
64	Aliiroseovarius sp. M344	AKT1	5.743275763991937	1.099789611943453e-06
65	Aliivibrio fischeri	BRAF	14.467864708101652	6.15668366043881e-05
66	Aliivibrio fischeri	MET	7.288102962238384	6.15668366043881e-05
67	Aliivibrio fischeri	IL10	6.496121202440387	6.15668366043881e-05
68	Alteromonas sp. B31-7	CHIA	9.839685268825624	1.2180725876699457e-06
69	Anaerostipes hadrus	EGFR	7.858383601171183	4.613913476164446e-05
70	Anaposvirus socalone	CHIA	8.044587846019082	2.515806814213705e-07
71	Antarcticibacterium flavum	FAM13A	7.312182467781742	2.5073494496154175e-06
72	Aquaspirillum sp. LM1	BRAF	9.923246846787839	1.6926118971925337e-06
73	Aquiluna sp. KACHI24	MAP2K1	13.438267128251669	3.2673269304881914e-06
74	Aquirufa antheringensis	MAP2K1	6.990213323652343	3.515768379833208e-06
75	Aquirufa lenticrescens	MAP2K1	6.990213323652343	4.946135897168024e-06
76	Arachnia rubra	NRG1	5.721225000070478	0.00011909370041685211
77	Arachnia rubra	ADGRG6	7.922263341838458	0.00011909370041685211
78	Arthrobacter koreensis	KRAS	7.822679033798247	1.89002991313436e-06
79	Atopobium sp. oral taxon 416	EGFR	6.7857553274457905	1.753309938625772e-05
80	Azospirillum argentinense	KRAS	13.224483144004681	3.779684364077405e-05
81	Azospirillum argentinense	BRAF	9.923246846787839	3.779684364077405e-05
82	Bacillus altitudinis	ADGRG6	9.020745572334524	0.00017746096803025627
83	Bacillus amyloliquefaciens	MAP2K1	20.932708516385716	4.3733553403089667e-05
84	Bacillus anthracis	KRAS	9.735147254876717	7.103343700206424e-05
85	Bacillus anthracis	MET	13.89904059667906	7.103343700206424e-05
86	Bacillus subtilis	MET	11.00509048565917	0.00041851957610836106
87	Bacillus velezensis	HHIP	12.159037601379502	0.0008785988517267795
88	Bacteroides fragilis	SERPINA1	9.373921466562875	0.00028273428141387634
89	Bacteroides intestinalis	MYC	9.148038702320644	3.433585263157727e-05
90	Bacteroides ovatus	ERBB2	8.300379273787245	9.968897095438585e-05
91	Bacteroides sp. CACC 737	CHIA	8.044587846019082	1.3950843180544357e-06
92	Bacteroides sp. HF-162	RET	20.38123843211739	1.2130279264428984e-06
93	Bacteroides sp. HF-162	CHIA	5.957813350195561	1.2130279264428984e-06
94	Bacteroides sp. HF-162	IL10	13.765279821327955	1.2130279264428984e-06
95	Bacteroides xylanisolvens	MFAP2	6.471298701938785	0.00010213840862494084
96	Bacteroides zoogleoformans	RET	11.338008335758754	0.0002904210311056956
97	Bartonella apihabitans	AGER	10.42845261411935	2.6631269801001612e-06
98	Bdellovibrio bacteriovorus	HHIP	12.159037601379502	0.00016057846708090754
99	Bergeyella cardium	CHIA	5.957813350195561	0.0004549107796481037
100	Besnoitia besnoiti	MET	7.288102962238384	0.00010983656588767205
101	Besnoitia besnoiti	IL10	6.496121202440387	0.00010983656588767205
102	Beutenbergia cavernae	ADGRG6	18.85796434965664	0.00023698867782398814
103	Bifidobacterium animalis	KRAS	7.822679033798247	4.535225206932107e-06
104	Bifidobacterium animalis	MET	16.910753032758056	4.535225206932107e-06
105	Bifidobacterium animalis	IL10	8.241272658685997	4.535225206932107e-06
106	Bifidobacterium pseudocatenulatum	KRAS	7.822679033798247	6.709084648296502e-07
107	Bifidobacterium pseudocatenulatum	PIK3CA	7.024267106588419	6.709084648296502e-07
108	Blautia obeum	EGFR	11.541982115468747	4.785816069795494e-05
109	Bordetella pertussis	RET	20.38123843211739	3.744918430629082e-07
110	Bordetella pertussis	CHIA	5.957813350195561	3.744918430629082e-07
111	Bordetella pertussis	IL10	13.765279821327955	3.744918430629082e-07
112	Borrelia miyamotoi	FAM13A	9.402207243214281	5.239678332921759e-07
113	Bradyrhizobium arachidis	ITGA1	17.89108546395513	0.00017727161944219025
114	Bradyrhizobium sediminis	MET	14.078793995388608	2.0663283096789214e-05
115	Bradyrhizobium sp. CB1024	EGFR	7.858383601171183	5.0400116207329016e-05
116	Bradyrhizobium sp. ORS 278	MET	7.813947396098362	3.435054360439794e-05
117	Brevibacterium luteolum	KRAS	22.308530556671563	7.219736824946632e-06
118	Brevibacterium luteolum	BRAF	16.529531059905835	7.219736824946632e-06
119	Brevibacterium luteolum	NF1	11.373840493640808	7.219736824946632e-06
120	Burkholderia dolosa	CHIA	10.923674108547576	5.3527540296437025e-06
121	Burkholderia glumae	KRAS	11.717995944008186	0.00013288515229870743
122	Burkholderia glumae	PIK3CA	17.304661400560615	0.00013288515229870743
123	Burkholderia multivorans	CHRM3	11.872556920219074	0.00010052294145018135
124	Burkholderia pyrrocinia	FAM13A	14.98437705749308	1.0512677194388597e-05
125	Burkholderia thailandensis	PIK3CA	11.035472299355849	1.1472096283428734e-05
126	Burkholderia thailandensis	FAM13A	5.964442639154738	1.1472096283428734e-05
127	Butyricimonas virosa	TP53	9.225328192636551	9.879911870861836e-06
128	Butyrivibrio fibrisolvens	EGFR	11.541982115468747	6.217221018189827e-05
129	Calothrix sp. NIES-3974	AGER	5.919185116305027	2.0426023815792695e-06
130	Candida orthopsilosis	CHIA	8.044587846019082	1.7951828237902599e-07
131	Candidatus Atelocyanobacterium thalassa	AGER	14.118973651949089	8.575651017566953e-07
132	Candidatus Koribacter versatilis	FAM13A	7.2419666158695915	5.068621783752249e-06
133	Candidatus Velamenicoccus archaeovorus	AGER	7.543502082004013	6.223222001377868e-05
134	Capnocytophaga sp. oral taxon 902	NRG1	8.106322076202007	5.583185361584722e-05
135	Caproicibacterium lactatifermentans	KRAS	10.522357122125536	2.538041849634187e-06
136	Caproicibacterium lactatifermentans	BRAF	23.84171427486859	2.538041849634187e-06
137	Cardiobacterium sp. Marseille-Q4385	HHIP	7.323906112284663	0.00012619106146557254
138	Celeribacter baekdonensis	CHIA	10.923674108547576	1.8566563314938224e-06
139	Cellulomonas gilvus	NF1	6.3894744692626375	2.9450588108314588e-05
140	Cellulomonas gilvus	ADGRG6	12.707867988818593	2.9450588108314588e-05
141	Cellulomonas sp. PSBB021	ADGRG6	15.561284547392289	4.3130178121687344e-05
142	Cellulosimicrobium cellulans	ADGRG6	9.020745572334524	9.886721776893164e-05
143	Chamaesiphon minutus	MET	14.078793995388608	2.594687812987511e-05
144	Chondrocystis sp. NIES-4102	AGER	7.543502082004013	1.9893957521885858e-06
145	Chryseobacterium sp. WX	MET	16.5695791137388	7.966985538296128e-05
146	Clostridium beijerinckii	ERBB2	8.300379273787245	2.8754291536170584e-05
147	Cohaesibacter sp. ES.047	AGER	22.122999789140735	7.509183983756077e-07
148	Comamonas thiooxydans	MET	8.300379273787245	6.151777017938445e-05
149	Coprococcus comes	EGFR	9.002540651189033	4.698441797111236e-05
150	Corynebacterium felinum	CHIA	8.044587846019082	4.5890760360663124e-07
151	Corynebacterium glutamicum	ALK	7.184549973920501	1.613426503270884e-06
152	Corynebacterium halotolerans	CHIA	8.044587846019082	2.0309561010085904e-07
153	Corynebacterium imitans	CHIA	6.5945147957928585	5.352288074449648e-07
154	Corynebacterium marinum	CHIA	10.923674108547576	3.487139957509742e-06
155	Corynebacterium maris	ROS1	20.6939926326481	2.3148502556501602e-07
156	Corynebacterium maris	CHIA	8.044587846019082	2.3148502556501602e-07
157	Corynebacterium maris	CHRNA3	7.024267106588419	2.3148502556501602e-07
158	Corynebacterium pseudodiphtheriticum	NF1	7.412097556289332	2.6657308690769397e-05
159	Corynebacterium sp. NML98-0116	CHIA	8.044587846019082	4.0507337606715127e-07
160	Corynebacterium timonense	CHIA	6.5945147957928585	4.937284194778911e-07
161	Corynebacterium ulcerans	AGER	5.919185116305027	2.6793867632530347e-06
162	Cryptococcus gattii VGI	RET	15.659270077705928	2.7583063907387783e-07
163	Cryptococcus gattii VGI	IL10	9.160602809890596	2.7583063907387783e-07
164	Cupriavidus basilensis	MFAP2	6.825948212091964	5.584295957368172e-05
165	Cupriavidus gilardii	CHRM3	7.28244690804902	0.00021544863171803197
166	Cupriavidus sp. USMAA2-4	MFAP2	6.129081199333564	0.00011814290782190364
167	Cyanobacterium aponinum	NPNT	8.044587846019082	2.8918125490722623e-07
168	Deinococcus aetherius	TP53	11.241946830038579	1.2944836140107944e-05
169	Deinococcus ficus	RET	15.659270077705928	4.5900437683956827e-07
170	Deinococcus ficus	IL10	9.160602809890596	4.5900437683956827e-07
171	Desulfoluna limicola	ALK	7.184549973920501	3.7231668535364603e-07
172	Desulforamulus ferrireducens	AGER	14.118973651949089	1.2645729662460289e-06
173	Desulfosarcina alkanivorans	AGER	14.118973651949089	1.0379096695219627e-06
174	Dorea longicatena	ERBB2	16.043003428871913	5.1319144857461964e-05
175	Dorea longicatena	EGFR	7.493447852034356	5.1319144857461964e-05
176	Duncaniella dubosii	HHIP	12.159037601379502	5.047105627566418e-05
177	Duncaniella dubosii	TGFB2	12.369271550724221	5.047105627566418e-05
178	Emergencia timonensis	NPNT	10.057787341458853	6.883984256789322e-05
179	Enterobacter asburiae	MET	15.534041461034375	4.4862600665908334e-05
180	Enterobacter soli	FAM13A	9.402207243214281	4.470822883575177e-05
181	Enterococcus gallinarum	MAP2K1	8.852820741068035	1.4526266813165821e-06
182	Eremothecium gossypii	KRAS	15.093902363550763	3.039887984326451e-06
183	Eremothecium gossypii	BRAF	11.541982115468747	3.039887984326451e-06
184	Erythrobacter sp. BLCC-B19	MAP2K1	10.300427845453413	7.235080955260794e-06
185	Exiguobacterium acetylicum	MET	11.31677648673969	5.027584205222502e-05
186	Faecalibacterium prausnitzii	EGFR	13.485908346673943	6.518826549084251e-05
187	Frigidibacter mobilis	MET	21.769264294397637	2.4714685598708764e-05
188	Frigidibacter mobilis	IL10	7.46079779152156	2.4714685598708764e-05
189	Fusarium oxysporum	KRAS	10.872798076843152	2.877091463657242e-05
190	Fusarium venenatum	KRAS	13.224483144004681	1.1766682800367193e-05
191	Fusarium venenatum	BRAF	9.923246846787839	1.1766682800367193e-05
192	Fusarium venenatum	MET	10.8898074247188	1.1766682800367193e-05
193	Fusobacterium gonidiaformans	ERBB2	13.155876659143164	0.00011030533673352081
194	Fusobacterium hominis	MFAP2	6.471298701938785	8.334824059616513e-05
195	Gemella morbillorum	IL17RD	14.229374744549808	0.0012091090336180986
196	Gemmobacter aquarius	KRAS	8.760383111413464	1.138357856267848e-05
197	Gemmobacter aquarius	MET	15.740637136025079	1.138357856267848e-05
198	Geobacillus genomosp. 3	IL17RD	6.348441056543659	0.0002827424831532421
199	Georgenia sp. TF02-10	ADGRG6	15.561284547392289	7.569637119601852e-05
200	Gleimia hominis	TP53	26.586179539086668	6.844301666617571e-06
201	Haemophilus influenzae	CHIA	5.957813350195561	0.010174920055364882
202	Haemophilus influenzae	CHRNB4	14.60478363037747	0.010174920055364882
203	Haemophilus pittmaniae	MFAP2	7.546910313602275	4.732695063804115e-05
204	Human mastadenovirus C	CHRNB4	12.068665751372297	3.7173864473920452e-06
205	Hydrogenophaga sp. NH-16	MET	8.338264701757659	2.2519826616909734e-05
206	Hydrogenophaga sp. NH-16	IL10	7.939296601223962	2.2519826616909734e-05
207	Ilyobacter polytropus	AKT1	5.80165986293878	2.9111669107423266e-05
208	Komagataella phaffii	ADGRG6	18.26048694547522	3.690741917458833e-05
209	Kordia sp. SMS9	FAM13A	10.141991234018793	2.6929586680953758e-06
210	Kordiimonas sp. SCSIO 12610	NPNT	8.044587846019082	2.6097943440056173e-07
211	Kurthia zopfii	AGER	14.118973651949089	2.4312751978211028e-06
212	Labilibaculum antarcticum	BRAF	6.428144096081405	0.00010015898839949228
213	Lachnoanaerobaculum gingivalis	CHRNA3	5.672165853191148	0.0019902868378832116
214	Lactobacillus acidophilus	AGER	14.118973651949089	1.6639218841272778e-06
215	Lactobacillus crispatus	CDKN2A	5.920324295400361	5.071324585556875e-05
216	Lactobacillus helveticus	AGER	7.543502082004013	1.3452257436601776e-06
217	Lactobacillus kefiranofaciens	AGER	11.538974290844608	1.5354811749486143e-06
218	Lactobacillus paragasseri	AGER	11.538974290844608	1.0446658514315071e-05
219	Lactococcus petauri	CHIA	9.839685268825624	4.590138609523556e-06
220	Leishmania mexicana	CHRNA5	9.055938260918538	2.894484021923034e-05
221	Leptolyngbya sp. NIES-3755	MET	22.56725224206344	2.316686736296317e-05
222	Leptolyngbya sp. O-77	TP53	11.3387596220451	1.126920890830046e-06
223	Leptothrix cholodnii	ERBB2	9.4231424239058	4.896582004128848e-05
224	Leuconostoc mesenteroides	AGER	22.122999789140735	5.273402195099156e-06
225	Ligilactobacillus salivarius	ERBB2	11.412427006499389	3.111918344483766e-05
226	Limnohabitans sp. 103DPR2	MAP2K1	8.852820741068035	3.542899026902755e-06
227	Limnohabitans sp. 63ED37-2	MAP2K1	10.58535864754883	4.321278892799516e-05
228	Limnohabitans sp. INBF002	PIK3CA	10.436223294034242	3.4762540654819526e-06
229	Limnohabitans sp. MORI2	MAP2K1	10.300427845453413	2.059792534794861e-06
230	Limnohabitans sp. TEGF004	PIK3CA	17.380676677895988	2.2953046743462163e-06
231	Limosilactobacillus vaginalis	AGER	11.831746698528503	1.7904319419256744e-05
232	Lysobacter enzymogenes	EGFR	6.43421320688028	5.555360425789951e-05
233	Mahella australiensis	AGER	7.543502082004013	1.7174069783624585e-06
234	Mannheimia haemolytica	ERBB2	6.210496458620108	3.3794099272628944e-05
235	Marasmius oreades	BRAF	10.158719835235367	0.00016540988779744126
236	Marivivens sp. JLT3646	CHIA	6.5945147957928585	6.496968668466714e-07
237	Megasphaera elsdenii	EGFR	10.229773386927691	0.0001568874125572455
238	Mesorhizobium loti	AGER	8.429737027982467	6.400179263984444e-05
239	Methanocaldococcus vulcanius	RET	15.659270077705928	1.8369884275784437e-07
240	Methanocaldococcus vulcanius	IL10	9.160602809890596	1.8369884275784437e-07
241	Methylobacterium nodulans	KRAS	12.113576697330961	0.0001396577670064477
242	Methylobacterium nodulans	BRAF	6.4089389185089125	0.0001396577670064477
243	Methylobacterium radiotolerans	CHIA	10.923674108547576	6.40822665520725e-06
244	Methylocella silvestris	ERBB2	6.171793252590614	7.006685872701628e-05
245	Methylomonas koyamae	HHIP	12.159037601379502	0.00012764789250374706
246	Methylorubrum extorquens	PIK3CA	8.422232485296338	3.979948878912456e-05
247	Microbacterium hominis	MAP2K1	6.30236875374053	7.154037663946478e-05
248	Microbacterium hominis	CDKN2A	6.428578757663514	7.154037663946478e-05
249	Mogibacterium pumilum	TGFB2	10.843148993860426	0.0025836923548305055
250	Moraxella bovis	CHRNB4	17.08334610919599	7.878373751177601e-05
251	Moraxella bovoculi	CHRNB4	27.018258012141644	3.953238468789551e-05
252	Moraxella catarrhalis	CHRNB4	9.075125937308803	8.004598771897577e-05
253	Moraxella cuniculi	CHRNB4	15.948655217238302	3.3970193091932344e-05
254	Moraxella nasicaprae	CHRNB4	24.177676035554033	2.4857058158788172e-05
255	Moraxella nonliquefaciens	CHRNB4	12.429832250286475	0.0004583493985415595
256	Morococcus cerebrosus	HHIP	7.323906112284663	0.001002533757395282
257	Morococcus cerebrosus	TGFB2	10.975110535008415	0.001002533757395282
258	Mucispirillum schaedleri	AGER	14.118973651949089	6.690371307248673e-07
259	Mycobacterium intracellulare	KRAS	7.822679033798247	1.614416107016583e-06
260	Mycobacterium intracellulare	PIK3CA	7.024267106588419	1.614416107016583e-06
261	Mycobacterium sp. ITM-2016-00317	KRAS	13.224483144004681	3.771055849809298e-06
262	Mycobacterium sp. ITM-2016-00317	BRAF	9.923246846787839	3.771055849809298e-06
263	Mycobacterium tuberculosis	MET	5.789377965046468	2.5165789860544924e-05
264	Mycolicibacillus parakoreensis	CHIA	10.923674108547576	4.1129754454861715e-05
265	Mycolicibacterium baixiangningiae	KRAS	7.822679033798247	5.316905382063334e-06
266	Mycolicibacterium confluentis	CHIA	8.044587846019082	2.839532372812182e-07
267	Mycolicibacterium duvalii	CHIA	10.923674108547576	2.9065672290961224e-06
268	Mycolicibacterium goodii	CHIA	10.923674108547576	2.819745296998527e-06
269	Mycolicibacterium holsaticum	CHIA	10.923674108547576	2.775251473308551e-06
270	Mycolicibacterium litorale	KRAS	8.772876125475518	1.901484671394987e-05
271	Mycolicibacterium litorale	PIK3CA	14.86361904927604	1.901484671394987e-05
272	Mycolicibacterium neoaurum	KRAS	8.760383111413464	8.905327584862714e-06
273	Mycolicibacterium phlei	KRAS	8.760383111413464	9.861620898487463e-06
274	Mycolicibacterium phlei	MET	15.740637136025079	9.861620898487463e-06
275	Mycolicibacterium poriferae	KRAS	8.760383111413464	3.5953922606445732e-06
276	Mycolicibacterium rufum	CHIA	8.887679364932913	2.8725817126303733e-06
277	Nakaseomyces glabratus	KRAS	7.822679033798247	1.2068423459781384e-06
278	Nakaseomyces glabratus	MET	16.910753032758056	1.2068423459781384e-06
279	Nakaseomyces glabratus	IL10	8.241272658685997	1.2068423459781384e-06
280	Neisseria macacae	CHRNB4	6.4107650868886115	0.00254603689759819
281	Neisseria meningitidis	HHIP	9.505439184234968	0.003609623754494349
282	Neisseria sicca	CHRNB4	6.4107650868886115	0.007530179630130668
283	Neisseria sp. KEM232	HHIP	7.323906112284663	0.0008389059981805067
284	Neotabrizicola shimadae	MET	11.31677648673969	1.7929755732099483e-05
285	Neptunomonas phycophila	AGER	22.122999789140735	1.0915459610912073e-06
286	Nitrosospira multiformis	CHIA	8.044587846019082	2.0526465243747464e-07
287	Nitrosospira multiformis	CHRNA3	7.024267106588419	2.0526465243747464e-07
288	Nitrosospira multiformis	CHRNB4	20.6939926326481	2.0526465243747464e-07
289	Novosphingopyxis iocasae	CHIA	8.044587846019082	2.7950935345453813e-07
290	Occultella kanbiaonis	ADGRG6	18.85796434965664	0.015769189905082834
291	Odoribacter splanchnicus	ERBB2	18.20529760039435	4.026136665026507e-05
292	Odoribacter splanchnicus	EGFR	9.002540651189033	4.026136665026507e-05
293	Ogataea parapolymorpha	CHIA	9.839685268825624	2.3176410632657956e-06
294	Olivibacter sp. LS-1	PIK3CA	8.59688026999514	2.717496813736512e-06
295	Olivibacter sp. LS-1	FAM13A	11.259047340643315	2.717496813736512e-06
296	Olsenella sp. oral taxon 807	NPNT	8.241272658685997	9.938227921248354e-05
297	Paenibacillus larvae	AGER	7.543502082004013	7.235680790754932e-05
298	Paludibacter propionicigenes	TP53	8.106322076202007	1.5755743469605474e-05
299	Parabacteroides johnsonii	TP53	6.710743651711342	2.7530683631380643e-05
300	Paraburkholderia sp. SUR17	KRAS	9.735147254876717	1.2452535136545674e-05
301	Paraburkholderia sp. SUR17	MET	13.89904059667906	1.2452535136545674e-05
302	Paraburkholderia sp. SUR17	NF1	10.186092947813199	1.2452535136545674e-05
303	Paraburkholderia tropica	PIK3CA	9.49588249822121	9.017029476166633e-06
304	Paracoccus denitrificans	RET	7.415178470394943	1.208267302625077e-05
305	Parvibaculum lavamentivorans	EGFR	11.541982115468747	7.128540022140566e-05
306	Paucibacter aquatile	ITGA1	16.066164905605355	0.00011347739454002726
307	Phaeodactylum tricornutum	AGER	12.733936214657563	0.0005426514840374659
308	Phascolarctobacterium faecium	TP53	8.84649632445287	1.6222237733001845e-05
309	Phascolarctobacterium succinatutens	PIK3CA	16.9584000341873	6.321130539434293e-06
310	Photobacterium damselae	TP53	14.473742548562445	0.0005211733081293312
311	Phreatobacter cathodiphilus	MET	11.31677648673969	1.870092279119236e-05
312	Phreatobacter stygius	AKT1	6.471298701938785	3.42610194134823e-05
313	Pikeienuella piscinae	CHIA	10.923674108547576	1.4988577569115311e-05
314	Planktothrix tepida	MET	25.906181262088943	1.1275411471887358e-05
315	Planktothrix tepida	IL10	11.31677648673969	1.1275411471887358e-05
316	Polynucleobacter sp. MWH-CaK5	MAP2K1	8.852820741068035	3.4956301167797684e-06
317	Porphyromonas cangingivalis	MYC	7.355054631506804	0.0001126446779743029
318	Prevotella sp. oral taxon 313	EGFR	8.604857122505646	0.00021263018366326483
319	Priestia megaterium	ERBB2	15.041417143433367	7.726972264003753e-05
320	Priestia megaterium	ADGRG6	13.616789627121085	7.726972264003753e-05
321	Priestia megaterium	EGFR	6.7857553274457905	7.726972264003753e-05
322	Propioniciclava coleopterorum	ADGRG6	15.561284547392289	2.6246700189864845e-05
323	Proteiniphilum propionicum	TP53	6.036616229961609	1.6767864134213967e-05
324	Proteiniphilum saccharofermentans	TP53	6.710743651711342	1.641017741340045e-05
325	Providencia rettgeri	AKT1	7.180596008707309	1.051843379241933e-05
326	Pseudarthrobacter sulfonivorans	CHIA	8.044587846019082	6.094994020448556e-07
327	Pseudemcibacter aquimaris	AGER	7.543502082004013	1.217695902301631e-06
328	Pseudomonas asiatica	AGER	5.919185116305027	2.7922747546841115e-05
329	Pseudomonas simiae	KRAS	7.822679033798247	2.477334006736452e-06
330	Pseudomonas simiae	MET	16.910753032758056	2.477334006736452e-06
331	Pseudomonas simiae	IL10	8.241272658685997	2.477334006736452e-06
332	Pseudomonas sp. GXZC	RET	20.38123843211739	3.337862079473747e-07
333	Pseudomonas sp. GXZC	CHIA	5.957813350195561	3.337862079473747e-07
334	Pseudomonas sp. GXZC	IL10	13.765279821327955	3.337862079473747e-07
335	Pseudomonas sp. JY-Q	AGER	14.118973651949089	1.0627658058024955e-05
336	Pseudomonas sp. NS1(2017)	RET	20.38123843211739	1.302580323697072e-07
337	Pseudomonas sp. NS1(2017)	CHIA	5.957813350195561	1.302580323697072e-07
338	Pseudomonas sp. NS1(2017)	IL10	13.765279821327955	1.302580323697072e-07
339	Pseudomonas sp. SWI6	RET	20.38123843211739	8.222538293337768e-07
340	Pseudomonas sp. SWI6	CHIA	5.957813350195561	8.222538293337768e-07
341	Pseudomonas sp. SWI6	IL10	13.765279821327955	8.222538293337768e-07
342	Pseudomonas syringae	BRAF	12.639578585429712	1.3484237440977567e-05
343	Pseudomonas umsongensis	FAM13A	18.774387282059138	7.846961023107479e-07
344	Pseudomonas veronii	MET	25.906181262088943	2.2362889070866987e-05
345	Pseudomonas veronii	IL10	11.31677648673969	2.2362889070866987e-05
346	Pseudosulfitobacter sp. DSM 107133	BRAF	20.087107196569136	3.3017151249678257e-06
347	Ralstonia insidiosa	ITGA1	18.07169351168289	0.0037818858501601515
348	Ralstonia solanacearum	ITGA1	12.468679886883157	0.0002456809475272221
349	Ralstonia wenshanensis	ITGA1	12.468679886883157	0.00013792330935480986
350	Raoultella sp. X13	PIK3CA	8.716301250463843	4.535579555070064e-05
351	Rhizobium gallicum	AGER	8.429737027982467	3.815026316568146e-05
352	Rhizobium leguminosarum	ADGRG6	7.922263341838458	7.004110257290201e-05
353	Rhizobium leguminosarum	CDKN2A	14.85346426512398	7.004110257290201e-05
354	Rhizobium rhizoryzae	MET	5.771497599259156	7.003103344322168e-05
355	Rhodobacter capsulatus	MET	5.8195025498539525	1.3532603322120013e-05
356	Rhodococcus erythropolis	PIK3CA	9.133921502184966	0.0005211492379231958
357	Rhodococcus sp. ABRD24	KRAS	13.341193305139344	1.182777046676826e-05
358	Rhodococcus sp. ABRD24	BRAF	8.655695487589043	1.182777046676826e-05
359	Rhodoferax antarcticus	PIK3CA	6.16294371963396	8.284553138404276e-06
360	Rhodoplanes sp. Z2-YC6860	MET	18.20529760039435	3.2495315044171516e-05
361	Rhodoplanes sp. Z2-YC6860	NF1	6.232498917825048	3.2495315044171516e-05
362	Romboutsia sp. CE17	ERBB2	12.271717307267128	1.6858597144089195e-05
363	Roseburia intestinalis	EGFR	6.7857553274457905	6.329060994876154e-05
364	Roseibium sp. Sym1	CHIA	10.923674108547576	5.148520661661654e-06
365	Roseobacter ponti	CHIA	7.287262043647533	1.8484929090150219e-06
366	Roseomonas marmotae	MAP2K1	10.300427845453413	5.44800516625159e-05
367	Roseomonas marmotae	CDKN2A	6.800169408934973	5.44800516625159e-05
368	Rothia aeria	HHIP	7.323906112284663	0.001266490571936059
369	Rothia amarae	BRAF	8.688706860461876	5.8023071374927354e-06
370	Rothia mucilaginosa	CHIA	7.287262043647533	0.009891681806190492
371	Ruania alkalisoli	ADGRG6	15.561284547392289	0.00018080824425816225
372	Ruania halotolerans	ADGRG6	18.85796434965664	0.00014169705568376604
373	Ruania suaedae	ADGRG6	15.561284547392289	0.00023637143148024398
374	Ruania zhangjianzhongii	NF1	6.3894744692626375	0.00036621182262582794
375	Ruania zhangjianzhongii	ADGRG6	12.707867988818593	0.00036621182262582794
376	Rugamonas sp. DEMB1	MET	15.041417143433367	2.3184730374326445e-05
377	Saccharomyces cerevisiae	BRAF	9.879363119339997	9.021872335049709e-06
378	Sanguibacter keddieii	ADGRG6	12.707867988818593	5.906223767755501e-05
379	Sanguibacter keddieii	ITGA1	10.436288505259446	5.906223767755501e-05
380	Schaalia meyeri	SERPINA1	8.372709130226726	0.0003887978982653848
381	Schaalia sp. 19OD2882	TP53	7.051422300594757	3.397276439972967e-05
382	Schaalia sp. HMT-172	SERPINA1	9.396145014805358	0.006604415406791748
383	Schaalia sp. ZJ405	TP53	10.830027275994834	2.2275494182390728e-05
384	Schizosaccharomyces pombe	TP53	11.3387596220451	6.145345107776608e-07
385	Sediminibacterium sp. TEGAF015	MFAP2	8.300379273787245	9.047963035462075e-06
386	Sediminibacterium sp. TEGAF015	CDKN2A	6.428578757663514	9.047963035462075e-06
387	Segatella copri	HHIP	7.323906112284663	0.00016863355225456875
388	Serratia symbiotica	MET	28.06311658150143	1.582044420663725e-05
389	Shewanella algae	AGER	5.919185116305027	1.5185500583160514e-05
390	Shewanella algae	EGFR	6.051559349481876	1.5185500583160514e-05
391	Shinella sp. XGS7	ITGA1	9.915776734428604	0.0005048622165330653
392	Shinella sumterensis	KRAS	13.224483144004681	1.2358714701544926e-05
393	Shinella sumterensis	BRAF	9.923246846787839	1.2358714701544926e-05
394	Shinella zoogloeoides	PIK3CA	9.49588249822121	4.0905799813210306e-05
395	Sinorhizobium fredii	MET	5.8195025498539525	2.7858336879181157e-05
396	Slackia heliotrinireducens	ERBB2	12.712712280293703	1.6600129579044103e-05
397	Slackia heliotrinireducens	CDKN2A	19.506043253031955	1.6600129579044103e-05
398	Sneathiella aquimaris	MET	18.48067203269557	9.110724747745342e-06
399	Sphingomonas sp. FARSPH	PIK3CA	29.241258625792845	1.5105153345269495e-05
400	Sphingomonas sp. NIBR02145	ITGA1	12.468679886883157	0.00010617124121155892
401	Sporisorium graminicola	MET	18.48067203269557	2.4102206511467737e-05
402	Staphylococcus argenteus	AGER	5.919185116305027	2.043785283414637e-06
403	Staphylococcus cohnii	AGER	22.122999789140735	1.511800856020324e-06
404	Staphylococcus epidermidis	CHRM3	10.659991636204392	0.0002623041559733642
405	Staphylococcus hominis	ERBB2	8.663453610693113	1.4389273624157375e-05
406	Staphylococcus pseudintermedius	TERT	8.241272658685997	6.404468921869824e-05
407	Staphylococcus saprophyticus	MET	6.289539000742197	6.049305309897819e-06
408	Stenotrophomonas sp. 364	CHIA	9.839685268825624	6.856026468056343e-07
409	Stenotrophomonas sp. 57	AGER	7.543502082004013	3.6062021294408335e-06
410	Stenotrophomonas sp. A5586	CHIA	8.044587846019082	4.858109710205775e-07
411	Stenotrophomonas sp. LM091	RET	20.38123843211739	1.090911021096298e-06
412	Stenotrophomonas sp. LM091	CHIA	5.957813350195561	1.090911021096298e-06
413	Stenotrophomonas sp. LM091	IL10	13.765279821327955	1.090911021096298e-06
414	Stenotrophomonas sp. NA06056	CHIA	9.839685268825624	7.236975037067786e-07
415	Stenotrophomonas sp. NY11291	RET	15.659270077705928	4.3409877616858344e-07
416	Stenotrophomonas sp. NY11291	IL10	9.160602809890596	4.3409877616858344e-07
417	Stenotrophomonas sp. pho	CHIA	8.044587846019082	4.5978538328733226e-07
418	Streptococcus anginosus	IL17RD	6.165086880932082	0.0011828763789953707
419	Streptococcus chenjunshii	AKT1	7.921229192234969	1.6625091649357026e-05
420	Streptococcus marmotae	CHRNA5	5.711786577550393	3.581009877324229e-06
421	Streptococcus pyogenes	IL17RD	9.735147254876717	0.001155456443754122
422	Streptococcus pyogenes	NPNT	7.822679033798247	0.001155456443754122
423	Streptococcus sp. DAT741	AGER	10.42845261411935	2.8553370809506994e-06
424	Streptococcus sp. KS 6	ERBB2	13.155876659143164	3.9748485783065676e-05
425	Streptococcus sp. NPS 308	CHIA	9.839685268825624	0.0003028350836423907
426	Streptomyces fradiae	AKT1	14.61643351485891	6.14693973509677e-06
427	Streptomyces fradiae	TP53	11.3387596220451	6.14693973509677e-06
428	Streptomyces rimosus	KRAS	13.224483144004681	4.494622125449118e-06
429	Streptomyces rimosus	BRAF	9.923246846787839	4.494622125449118e-06
430	Streptomyces venezuelae	MFAP2	6.825948212091964	0.00010345806388549718
431	Sulfolobus acidocaldarius	RET	15.659270077705928	1.5589020295160964e-07
432	Sulfolobus acidocaldarius	IL10	9.160602809890596	1.5589020295160964e-07
433	Synechococcus sp. CC9902	CHIA	8.044587846019082	1.735039182216348e-07
434	Synechococcus sp. KORDI-52	CHIA	8.044587846019082	8.478409715015313e-07
435	Synechococcus sp. Minos11	CHIA	8.044587846019082	8.501691992860106e-07
436	Synechococcus sp. PCC 6312	RET	15.659270077705928	3.620374224732055e-07
437	Synechococcus sp. PCC 6312	IL10	9.160602809890596	3.620374224732055e-07
438	Synechococcus sp. PCC 7002	MYC	9.133921502184966	8.336289297495148e-05
439	Synechococcus sp. PCC 7336	CHIA	8.044587846019082	3.092593486008489e-07
440	Synechococcus sp. PCC 7336	MYC	7.024267106588419	3.092593486008489e-07
441	Synechococcus sp. PROS-U-1	CHIA	8.044587846019082	6.940156728865392e-07
442	Synechococcus sp. RS9902	CHIA	8.044587846019082	2.59388357741344e-06
443	Talaromyces rugulosus	RET	15.659270077705928	3.777152817631278e-07
444	Talaromyces rugulosus	IL10	9.160602809890596	3.777152817631278e-07
445	Tenuifilum thalassicum	TP53	12.113112425377016	1.2296806619771362e-05
446	Thauera sp. MZ1T	MAP2K1	15.970786449735929	2.477586450413856e-05
447	Thermothelomyces thermophilus	MET	5.8195025498539525	1.2329998874705629e-05
448	Thomasclavelia ramosa	EGFR	6.7857553274457905	2.3163713150751734e-05
449	Usitatibacter rugosus	KRAS	10.872798076843152	2.3190001189699608e-05
450	Usitatibacter rugosus	NF1	14.745781674554173	2.3190001189699608e-05
451	Vagococcus teuberi	AGER	11.538974290844608	1.3267972146619738e-06
452	Valbvirus ValB1MD2	HHIP	12.159037601379502	0.012075834749722993
453	Vibrio cholerae	MET	6.289539000742197	0.00020995696509037705
454	Vibrio cholerae	AKT1	9.504562463427545	0.00020995696509037705
455	Vibrio metschnikovii	KRAS	10.682560523977	4.090514017075682e-06
456	Vibrio metschnikovii	BRAF	6.785288182850284	4.090514017075682e-06
457	Vibrio natriegens	AGER	11.538974290844608	5.3450290789058866e-05
458	Vogesella sp. XCS3	FAM13A	9.402207243214281	9.385083026576284e-07
459	Yersinia pestis	KRAS	7.822679033798247	8.672566389012355e-05
460	Yersinia pestis	MET	16.910753032758056	8.672566389012355e-05
461	Yersinia pestis	IL10	8.241272658685997	8.672566389012355e-05
462	Zygosaccharomyces rouxii	RET	20.38123843211739	9.76935242772804e-08
463	Zygosaccharomyces rouxii	CHIA	5.957813350195561	9.76935242772804e-08
464	Zygosaccharomyces rouxii	IL10	13.765279821327955	9.76935242772804e-08
465	[Ruminococcus] torques	ERBB2	14.078793995388608	3.7633333365853386e-05
466	[Ruminococcus] torques	EGFR	6.098688568800877	3.7633333365853386e-05
467	cyanobacterium endosymbiont of Epithemia turgida	CHIA	8.044587846019082	2.3605435030309581e-07
468	cyanobacterium endosymbiont of Epithemia turgida	CHRNA3	7.024267106588419	2.3605435030309581e-07
469	cyanobacterium endosymbiont of Epithemia turgida	CHRNB4	20.6939926326481	2.3605435030309581e-07
470	uncultured Pleomorphomonas sp.	MET	11.31677648673969	4.1215775884271834e-05
471	uncultured Pleomorphomonas sp.	NF1	10.313888129722836	4.1215775884271834e-05
