,start,end,weight,mean_relative_abundance
0,Aspergillus steynii,KRAS,24.006777804602816,0.00033708764298415466
1,Aspergillus steynii,TP53,7.188035731744009,0.00033708764298415466
2,Aspergillus thermomutatus,TP53,8.27618309448119,0.0008553822317356079
3,Aspergillus lentulus,TP53,7.940701724822356,0.0004978634255049322
4,Fusarium odoratissimum,CHRM3,7.269621392325386,2.6404217203421558e-06
5,Fusarium graminearum,NF1,12.397958824950008,5.6882748830390974e-05
6,Puccinia striiformis,TGFB2,7.745170946119802,0.0007592092312595413
7,Encephalitozoon intestinalis,SFTPD,12.351866895648984,3.2246732454733276e-06
8,Pseudomonas sp. HN11,HHIP,12.858406391382164,4.6414412090832006e-07
9,Pseudomonas sp. HN11,TP53,9.595891425283511,4.6414412090832006e-07
10,Pseudomonas sp. p1(2021b),ROS1,6.257854484312852,2.0443064331102888e-06
11,Pseudomonas lundensis,ADAMTSL3,7.957249326920109,4.716209749438296e-06
12,Escherichia sp. E4742,TP53,23.49178425607674,3.2674335674239363e-06
13,Enterobacter asburiae,TP53,11.696192247050934,7.399178691871035e-06
14,Klebsiella quasipneumoniae,NF1,11.572330764115218,0.00015387730069728529
15,Klebsiella quasipneumoniae,FBXO38,10.77812748832982,0.00015387730069728529
16,Raoultella ornithinolytica,TP53,11.877287985428277,1.8432799135089e-05
17,Raoultella sp. XY-1,FBXO38,6.851103025188038,6.402880887752815e-06
18,Shigella boydii,CHRNA5,6.654139077993072,0.00038458056933284875
19,Serratia symbiotica,FBXO38,10.459452626428593,0.00012112450141009973
20,Acinetobacter calcoaceticus,NF1,13.184310435943022,0.0006571710177731235
21,Acinetobacter pittii,KRAS,16.374769092168055,0.00027957783604404637
22,Acinetobacter pittii,NF1,8.809622302838054,0.00027957783604404637
23,Acinetobacter pittii,FBXO38,7.209917328469622,0.00027957783604404637
24,Acinetobacter radioresistens,EGFR,8.645015270453163,0.0003480255532142243
25,Acinetobacter indicus,ROS1,13.445930151421127,0.00019889592595068978
26,Acinetobacter sp. YH16056_T,FBXO38,7.182654200321334,1.0446368577893925e-05
27,Acinetobacter sp. AOR07_HL,ROS1,11.697591948534283,0.0746396029807423
28,Acinetobacter sp. 10FS3-1,ROS1,19.332541880459246,0.00012849487088997612
29,Acinetobacter sp. KCTC 92772,NF1,12.849033683075964,8.648197841940459e-05
30,Acinetobacter sp. LoGeW2-3,KRAS,11.299062660422656,5.698624822461863e-06
31,Acinetobacter johnsonii,NF1,11.929972195614393,0.0015098830778801128
32,Acinetobacter bereziniae,KRAS,13.40781504246488,0.00022654050345073765
33,Acinetobacter bereziniae,ROS1,6.190631707171775,0.00022654050345073765
34,Acinetobacter schindleri,ROS1,8.129615541424075,6.704913990977956e-05
35,Acinetobacter colistiniresistens,ROS1,8.1274572351058,7.710270383589759e-06
36,Acinetobacter towneri,KRAS,26.13849223782902,0.00014565859097553628
37,Acinetobacter towneri,ROS1,15.345148149272012,0.00014565859097553628
38,Acinetobacter towneri,NF1,15.28625362886211,0.00014565859097553628
39,Moraxella bovis,KRAS,16.644114295607924,0.0001447994740889811
40,Moraxella bovis,FBXO38,17.637477539362823,0.0001447994740889811
41,Vibrio alginolyticus,KRAS,15.750132518657772,3.584031608794969e-05
42,Vibrio alginolyticus,NF1,8.161716964134296,3.584031608794969e-05
43,Vibrio natriegens,NF1,6.806103584252129,0.0011205643530896106
44,Vibrio natriegens,RB1,8.095168594996588,0.0011205643530896106
45,Vibrio cholerae,NF1,5.765175010048298,0.00038649964917993876
46,Vibrio coralliilyticus,KRAS,5.831648991531367,7.585428404045791e-06
47,Haemophilus influenzae,FBXO38,6.788094297784191,0.0021850037196970463
48,Aggregatibacter sp. 2125159857,RB1,8.001289396317405,0.00028467889498352654
49,Aggregatibacter sp. 2125159857,SFTPD,5.73048258878396,0.00028467889498352654
50,Aggregatibacter sp. 2125159857,MYC,19.736691685041414,0.00028467889498352654
51,Aggregatibacter sp. oral taxon 513,RB1,11.555756123021148,1.2064308201673621e-05
52,Pasteurella multocida,BRAF,7.370357788395688,0.009307147672887655
53,Mannheimia haemolytica,FBXO38,7.5338587683924345,0.00012727007370159912
54,Glaesserella parasuis,FBXO38,7.209917328469622,0.0004743455272030725
55,Actinobacillus equuli,IL17RD,11.458404733113847,0.00021187001298863902
56,Lysobacter sp. TY2-98,NF1,29.272290735040574,1.6549219285528033e-06
57,Stenotrophomonas sp. 59,TP53,10.184250550298845,1.5119177575595377e-05
58,Stenotrophomonas indicatrix,TP53,11.443372691186964,0.00039943112528933496
59,Xanthomonas campestris,FBXO38,13.815510557935518,3.1648673252318335e-05
60,Xanthomonas albilineans,FBXO38,7.089370802235405,1.0240736776773767e-06
61,Xanthomonas albilineans,EGFR,11.299584942027085,1.0240736776773767e-06
62,Xanthomonas albilineans,TP53,7.0656838986057515,1.0240736776773767e-06
63,Shewanella sp. Scap07,KRAS,17.01539983186044,5.1235565160612204e-08
64,Shewanella sp. Scap07,NF1,22.74366865021779,5.1235565160612204e-08
65,Alteromonas mediterranea,RB1,32.76650865612498,4.091859715060492e-06
66,Alteromonas mediterranea,MYC,24.842415845065556,4.091859715060492e-06
67,Succinivibrio dextrinosolvens,KRAS,18.765902091826973,3.6732154260642515e-05
68,Succinivibrio dextrinosolvens,NF1,26.092423840595607,3.6732154260642515e-05
69,Succinivibrio dextrinosolvens,FBXO38,25.158949158628037,3.6732154260642515e-05
70,Methylobacterium sp. 391_Methyba4,MET,11.720191151906304,0.0003247464341968254
71,Methylorubrum extorquens,BRAF,18.853924568311925,0.00019843614058129776
72,Phyllobacterium zundukense,TP53,6.764188660674977,4.6003803221448656e-05
73,Mesorhizobium terrae,EGFR,6.722558503482734,0.00024391526006163657
74,Mesorhizobium terrae,TP53,13.525428120953235,0.00024391526006163657
75,Bradyrhizobium sp. SK17,TP53,12.616695228370697,2.8600050755994836e-05
76,Bradyrhizobium sp. 200,NF1,18.839690540884842,1.0177505515776916e-05
77,Rhodoplanes sp. Z2-YC6860,FBXO38,15.143001361367746,1.1496756080599411e-05
78,Rhodoplanes sp. Z2-YC6860,FAM13A,8.815677532550318,1.1496756080599411e-05
79,Bartonella krasnovii,CHRNA5,6.654139077993072,4.550544618919687e-05
80,Phreatobacter stygius,MET,7.27765689484587,0.0001687455299273087
81,Phreatobacter cathodiphilus,FAM13A,5.79285541204732,1.1305352848373835e-05
82,Roseomonas fluvialis,PIK3CA,15.824390762448607,7.573071815279997e-05
83,Roseomonas haemaphysalidis,PIK3CA,8.953995483205,6.047781695524708e-05
84,Roseomonas marmotae,NF1,14.647387177429612,2.1800709634844103e-05
85,Roseomonas sp. OT10,FBXO38,12.957381621040396,2.1971058269399715e-05
86,Roseomonas sp. OT10,TP53,13.815510557935518,2.1971058269399715e-05
87,Roseomonas mucosa,NF1,13.595944436642712,2.5737612190714047e-05
88,Roseomonas mucosa,TP53,16.638564542008833,2.5737612190714047e-05
89,Roseococcus microcysteis,PIK3CA,24.19445570752838,8.433218449842604e-05
90,Lichenicola cladoniae,CHRNA3,10.37637452194124,1.5385323443318155e-05
91,Rhodovastum atsumiense,TP53,6.7454865921003115,1.1937914856611575e-05
92,Acidocella sp. MX-AZ03,NF1,14.796541192706227,4.105692624738797e-06
93,Sphingomonas aerolata,CHRM3,6.954978783724161,0.0004257294243419844
94,Novosphingobium ginsenosidimutans,MAP2K1,6.433908533066872,2.2744240881484753e-05
95,Novosphingobium ginsenosidimutans,TGFB2,8.097276368980232,2.2744240881484753e-05
96,Paracoccus yeei,TP53,8.16060539235747,0.00034318890366915255
97,Paracoccus marcusii,NF1,7.057830733200849,0.00035327433904017256
98,Paracoccus liaowanqingii,PIK3CA,35.35050620855721,3.0235302205305093e-05
99,Abyssibius alkaniclasticus,CHRNA3,6.672311129065865,2.083439147311386e-05
100,Cognatishimia activa,BRAF,7.551441748281848,6.447553573427915e-06
101,Brevundimonas sp. Bb-A,NF1,9.777973148564806,8.841227573917325e-05
102,Brevundimonas vesicularis,FAM13A,36.7368005696771,0.00011981929089337463
103,Caulobacter segnis,TGFB2,5.809834020121161,1.914701372917798e-05
104,Candidatus Pelagibacter giovannonii,MAP2K1,16.545329520732583,3.789149003321801e-07
105,Candidatus Pelagibacter giovannonii,RB1,7.573285471703075,3.789149003321801e-07
106,Candidatus Pelagibacter giovannonii,IL17RD,13.338694495333849,3.789149003321801e-07
107,Comamonas terrigena,PIK3CA,6.001062082610045,0.00027376289767719737
108,Comamonas terrigena,FBXO38,7.162024609598355,0.00027376289767719737
109,Acidovorax temperans,FAM13A,7.767529516118622,8.545528703918474e-05
110,Acidovorax carolinensis,MET,13.430372381208073,2.805325911485664e-05
111,Acidovorax carolinensis,ADGRG6,8.409144929256719,2.805325911485664e-05
112,Acidovorax carolinensis,TGFB2,12.750774867709447,2.805325911485664e-05
113,Hydrogenophaga sp. BPS33,MET,8.870359743025283,1.746344604393314e-05
114,Hydrogenophaga sp. BPS33,MFAP2,11.35865199229638,1.746344604393314e-05
115,Hydrogenophaga sp. BPS33,ITGA1,13.817310712896335,1.746344604393314e-05
116,Ottowia sp. oral taxon 894,CHRNA5,22.589809498754256,0.0004297492961907594
117,Variovorax paradoxus,EGFR,8.723086874631093,5.979125710648078e-05
118,Serpentinimonas maccroryi,ALK,13.815510557935518,2.300765766422947e-06
119,Polaromonas naphthalenivorans,FBXO38,8.184373079864896,1.7772147209353843e-05
120,Limnohabitans sp. 103DPR2,MYC,17.51468899951735,7.371040188285768e-06
121,Kinneretia sp. DAIF2,MET,7.211839571736282,1.0313224451014667e-05
122,Kinneretia sp. DAIF2,ADGRG6,7.4832297223933875,1.0313224451014667e-05
123,Kinneretia sp. DAIF2,ITGA1,6.489452294226232,1.0313224451014667e-05
124,Kinneretia sp. DAIF2,EGFR,12.616707008866038,1.0313224451014667e-05
125,Alicycliphilus denitrificans,NF1,6.515894540854225,0.00012007604742292798
126,Alicycliphilus denitrificans,EGFR,5.767041113853858,0.00012007604742292798
127,Ralstonia mannitolilytica,TP53,6.526987432872517,8.648592411132922e-05
128,Burkholderia glumae,TP53,10.750425448078387,1.9539432807734073e-05
129,Cupriavidus gilardii,KRAS,15.441102506766503,1.0605464993577947e-05
130,Polynucleobacter sp. HIN7,MYC,10.421456653225937,5.199134206908125e-07
131,Sphaerotilus sp. FB-5,MET,14.706558096876769,1.3558279202681961e-05
132,Ideonella dechloratans,BRAF,21.531806740575547,2.2745618277669788e-05
133,Ideonella dechloratans,FAM13A,14.089372695156406,2.2745618277669788e-05
134,Parazoarcus communis,BRAF,7.957530041805648,0.00016200944380355355
135,Ferribacterium limneticum,ADAMTSL3,6.092986371622745,6.908761895020529e-06
136,Ferribacterium limneticum,FBXO38,15.24064918157227,6.908761895020529e-06
137,Ferribacterium limneticum,TGFB2,22.520947334212828,6.908761895020529e-06
138,Neisseria meningitidis,BRAF,8.640118763613696,0.006573338716845519
139,Neisseria sicca,ADGRG6,7.284109389909645,0.0004214432772332305
140,Neisseria sicca,ITGA1,34.53957599234088,0.0004214432772332305
141,Kingella denitrificans,RB1,12.402386423116372,3.086591219860423e-05
142,Vogesella sp. XCS3,IL17RD,5.892195380579527,2.705579765488473e-05
143,Sulfuritalea hydrogenivorans,NF1,10.059117155357027,2.398322599689896e-06
144,Usitatibacter rugosus,HHIP,6.67096516525175,6.185291378039893e-06
145,Nitrosospira multiformis,IL10,10.962962192707215,0.00011681941123857358
146,Hydrogenophilus thermoluteolus,TP53,15.570103385171942,0.005011623832399681
147,Staphylococcus sp. IVB6240,ALK,11.751437600889,0.00011665216410932966
148,Staphylococcus sp. IVB6240,PIK3CA,7.323040479077144,0.00011665216410932966
149,Alicyclobacillus sp. ALC3,CDKN2A,8.125273109125756,3.989784315039875e-05
150,Streptococcus sp. D7B5,IL17RD,29.191939501018645,0.00028793504267358094
151,Streptococcus thermophilus,IL17RD,5.961704694678614,0.00881948492793262
152,Streptococcus pyogenes,IL17RD,21.752161479145617,0.005816360058174766
153,Streptococcus agalactiae,IL17RD,19.55646402237672,0.02465977263400092
154,Streptococcus suis,IL17RD,13.326535019979515,0.002844803259178409
155,Streptococcus mutans,IL17RD,8.24278942098666,0.0002477643974900512
156,Streptococcus pasteurianus,IL17RD,9.737936103550318,4.665153144142949e-05
157,Lactobacillus iners,KRAS,11.704751908190723,0.0005625256166749434
158,Lactiplantibacillus pentosus,KRAS,6.78629996248815,4.6136908482033525e-06
159,Limosilactobacillus reuteri,FBXO38,6.825142406836637,4.327858913560881e-05
160,Ligilactobacillus salivarius,FBXO38,5.891978370770502,0.0013828748444568147
161,Abiotrophia defectiva,BRAF,23.14642554570783,0.000139886984811761
162,Symbiobacterium thermophilum,TP53,16.475751835807554,0.0007141780950212352
163,Clostridioides difficile,FAM13A,7.635143011245209,0.0023802656125085217
164,Geosporobacter ferrireducens,FBXO38,18.430003067970016,1.257928611836919e-05
165,Geosporobacter ferrireducens,TP53,11.877287985428277,1.257928611836919e-05
166,Mogibacterium diversum,MYC,8.02008181169728,0.0009053020777815619
167,Dorea longicatena,HHIP,8.07964172359117,2.745190038570194e-05
168,Caproicibacterium lactatifermentans,TP53,13.053832117389781,9.059039962654274e-06
169,Flavonifractor plautii,MFAP2,12.20463734077134,5.906065687873326e-06
170,Veillonella atypica,CHRNA5,11.521155052027254,0.011039193696314476
171,Megasphaera stantonii,MYC,6.976550090979727,0.0007534607826936645
172,Selenomonas sp. oral taxon 920,MYC,30.21177091183364,0.000342801196015343
173,Selenomonas sp. oral taxon 136,MYC,13.815510557935518,0.0006173088986109669
174,Selenomonas ruminantium,MYC,34.02875036857489,4.631583573793081e-05
175,Bulleidia sp. zg-1006,MYC,15.039363320913557,0.0002014805744735952
176,Corynebacterium felinum,TP53,9.595891425283511,0.0011608099615634656
177,Corynebacterium matruchotii,PIK3CA,6.548381015997215,0.00019982715794933416
178,Corynebacterium sp. NML98-0116,ALK,6.034266332669688,3.7849084790243446e-07
179,Corynebacterium sanguinis,ALK,14.337714409231882,4.1313927934544e-05
180,Corynebacterium accolens,TP53,14.266356283585953,4.434782031529057e-05
181,Corynebacterium simulans,SFTPD,14.518825789639832,5.291751129486208e-05
182,Corynebacterium simulans,TP53,6.675857983203007,5.291751129486208e-05
183,Corynebacterium halotolerans,PIK3CA,7.357043831589729,8.902580284717488e-06
184,Corynebacterium camporealensis,PIK3CA,11.093318503471801,1.4101388020195142e-05
185,Corynebacterium camporealensis,ADAMTSL3,13.333482668384198,1.4101388020195142e-05
186,Corynebacterium camporealensis,CHRNA3,5.93852971190133,1.4101388020195142e-05
187,Corynebacterium ureicelerivorans,AKT1,9.857327520472433,4.308138546799126e-05
188,Corynebacterium imitans,MAP2K1,21.991531972487216,5.518259416368428e-06
189,Corynebacterium imitans,EGFR,8.601229733691868,5.518259416368428e-06
190,Mycolicibacterium sp. TUM20985,MAP2K1,7.771346147823987,2.083251731981025e-06
191,Mycolicibacterium psychrotolerans,ADGRG6,14.174905241786108,1.388021213828546e-06
192,Mycolicibacterium neoaurum,KRAS,13.304074801498434,1.6862454954227935e-06
193,Mycolicibacterium neoaurum,NF1,35.127362657243,1.6862454954227935e-06
194,Mycolicibacterium chubuense,ERBB2,10.562898442906107,7.04669642951185e-07
195,Mycolicibacterium chubuense,NF1,7.631806747048667,7.04669642951185e-07
196,Mycolicibacterium celeriflavum,NF1,9.350212020376516,5.682209381557888e-07
197,Mycolicibacterium celeriflavum,MFAP2,10.571949078059257,5.682209381557888e-07
198,Mycolicibacterium monacense,TGFB2,8.644130229598582,4.070383100488191e-06
199,Mycolicibacterium confluentis,ERBB2,6.709576415023486,1.8075383651275784e-06
200,Mycolicibacterium confluentis,PIK3CA,11.206654739614022,1.8075383651275784e-06
201,Mycolicibacterium confluentis,MFAP2,8.065027786634412,1.8075383651275784e-06
202,Mycolicibacterium rhodesiae,EGFR,6.461969438388762,2.125165003503042e-06
203,Mycolicibacterium diernhoferi,IL17RD,13.315243386532337,5.014676172467216e-06
204,Mycobacterium gallinarum,SFTPD,9.029268772014554,6.312383902173252e-07
205,Mycobacterium gallinarum,ADGRG6,7.4832297223933875,6.312383902173252e-07
206,Lawsonella clevelandensis,RET,10.209270261276963,0.001341926242998015
207,Micrococcus yunnanensis,FAM13A,6.047641267737548,0.0009188503159443775
208,Ornithinimicrobium pratense,ITGA1,6.32588231674836,6.6452059630818395e-06
209,Ruania alkalisoli,ERBB2,6.482742221405245,3.011864493894539e-05
210,Cellulosimicrobium cellulans,NRG1,10.451859753172307,6.3903559107071296e-06
211,Cellulosimicrobium cellulans,FBXO38,15.469514093727115,6.3903559107071296e-06
212,Aeromicrobium erythreum,FAM13A,15.795536109892199,6.41064304334305e-06
213,Aeromicrobium sp. Leaf245,ERBB2,6.83900138159003,0.00011104285788436791
214,Actinomyces sp. oral taxon 897,CDKN2A,9.131315174420754,2.6149650826425338e-05
215,Actinomyces sp. HMT 175,MYC,5.665132597387444,6.665767188074066e-05
216,Schaalia cardiffensis,ITGA1,11.378484189875188,5.259596899494872e-05
217,Amycolatopsis sp. YIM 10,FAM13A,6.612032060308028,5.045655881698204e-07
218,Epidermidibacterium keratini,KRAS,20.012997188577007,8.58966043027078e-06
219,Epidermidibacterium keratini,NF1,6.881908124673356,8.58966043027078e-06
220,Epidermidibacterium keratini,ADAMTSL3,9.538763335659478,8.58966043027078e-06
221,Atopobium sp. oral taxon 416,BRAF,8.40668374719896,5.486711190220222e-06
222,Rubrobacter marinus,MAP2K1,18.565434818495408,1.9608972059649332e-05
223,Allomeiothermus silvanus,TP53,11.827010485898231,0.008812595007891565
224,Deinococcus ficus,IL10,23.789664770935445,0.00020051277925344367
225,Deinococcus radiodurans,ALK,27.645694285624618,5.699467700140472e-05
226,Deinococcus gobiensis,NRG1,13.777440291388391,2.0130175128602238e-05
227,Rivularia sp. PCC 7116,NRG1,26.230966200907524,1.4491010683683961e-05
228,Rivularia sp. PCC 7116,NF1,12.84580710961859,1.4491010683683961e-05
229,Leptolyngbya sp. PCC 7376,ROS1,9.536933982007948,3.459226133330952e-05
230,Leptolyngbya sp. PCC 7376,NF1,17.972942873171647,3.459226133330952e-05
231,Brevefilum fermentans,TP53,14.459665785508935,7.123532313715406e-05
232,Porphyromonas sp. oral taxon 275,ITGA1,5.926744374519504,0.0018746387372345725
233,Porphyromonas sp. oral taxon 275,MYC,12.592716545791173,0.0018746387372345725
234,Porphyromonas endodontalis,RET,15.312680224573613,0.0017387022251931835
235,Porphyromonas endodontalis,ITGA1,28.08367886103662,0.0017387022251931835
236,Prevotella sp. Rep29,ALK,6.369498920995176,4.706092180731544e-05
237,Prevotella sp. Rep29,MYC,5.9593192826228,4.706092180731544e-05
238,Prevotella melaninogenica,MYC,16.145711978625886,0.007176878566710207
239,Prevotella dentalis,MYC,24.63091296681077,0.0001817949462111097
240,Prevotella herbatica,MYC,8.732003861124802,0.00043776574468343894
241,Prevotella oris,MYC,9.434807719071875,0.001123661994793695
242,Prevotella intermedia,MYC,13.815510557935518,0.001685590665474454
243,Prevotella corporis,ITGA1,13.944949792379331,0.0001399238125694667
244,Prevotella corporis,MYC,10.929840064630493,0.0001399238125694667
245,Prevotella veroralis,NPNT,8.111880020275223,0.0005582393804017241
246,Prevotella denticola,CHRM3,7.714281750723855,0.0005016702798957414
247,Prevotella denticola,ITGA1,10.66076524983031,0.0005016702798957414
248,Prevotella denticola,MYC,17.755146753602087,0.0005016702798957414
249,Prevotella nigrescens,MYC,13.815510557935518,0.00110841522611952
250,Pseudoprevotella muciniphila,MYC,26.05688223244429,0.0009039702602479793
251,Hoylesella buccalis,MYC,6.568163762570019,0.00020898769897763255
252,Paraprevotella clara,MYC,30.09301083652943,0.00021800113043312863
253,Phocaeicola salanitronis,CHRNA5,8.191568395875239,3.581426119052298e-05
254,Bacteroides intestinalis,SERPINA1,24.671594726655318,1.8817348886703496e-05
255,Tannerella forsythia,ITGA1,13.817310712896335,0.00019405534793810362
256,Tannerella forsythia,MYC,12.750775015671698,0.00019405534793810362
257,Tannerella serpentiformis,MYC,9.860547218198043,0.0004000436425182047
258,Weeksella virosa,NF1,19.443037210652264,3.4902291672787434e-06
259,Weeksella virosa,ADAMTSL3,7.9176825015256105,3.4902291672787434e-06
260,Weeksella virosa,FBXO38,12.36463006839236,3.4902291672787434e-06
261,Antarcticibacterium flavum,TGFB2,8.006341119657925,3.3066398876722686e-06
262,Antarcticibacterium flavum,MYC,17.196459642943445,3.3066398876722686e-06
263,Arachidicoccus sp. B3-10,FBXO38,9.849004856935872,1.1382113611123714e-05
264,Arachidicoccus sp. B3-10,TGFB2,8.988296838908207,1.1382113611123714e-05
265,Leadbetterella byssophila,MYC,16.40460758500723,0.00018057020941850786
266,Campylobacter gracilis,TGFB2,8.847891803362652,0.00010363392198098646
267,Helicobacter cinaedi,NRG1,6.968490642352855,2.3482937450442678e-05
268,Fusobacterium necrophorum,ADGRG6,14.48498219286248,1.4666243353793486e-05
269,Fusobacterium necrophorum,CHRNA5,14.296527221560519,1.4666243353793486e-05
270,Fusobacterium hominis,KRAS,9.206707528367387,2.909677710033081e-05
271,Fusobacterium hominis,NRG1,9.206707528367387,2.909677710033081e-05
272,Ilyobacter polytropus,FBXO38,7.5338587683924345,9.32250451658031e-06
273,Leptotrichia wadei,MYC,12.392521841627298,0.006976007129745278
274,Leptotrichia sp. oral taxon 218,MYC,22.319527027724707,0.00023420073786848083
275,Leptotrichia shahii,FAM13A,14.443865771544916,0.0001711605229187474
276,Leptotrichia shahii,MYC,17.196459642943445,0.0001711605229187474
277,Streptobacillus moniliformis,IL17RD,6.347067987655564,1.4814204568192402e-05
278,Treponema vincentii,SFTPD,10.058717346388411,8.069573566609466e-05
279,Mucispirillum schaedleri,BRAF,7.088198175241982,2.999599528540371e-06
280,Sunrhavirus matariya,CHRM3,9.46071238745426,0.009375283623534944
281,Tigrvirus phiE094,MFAP2,6.820846293472443,0.001289888804142198
282,Tigrvirus phiE094,EGFR,13.283427783309007,0.001289888804142198
283,Pseudomonas sp. GXZC,MAP2K1,26.52858947883434,1.6643177737106036e-06
284,Pseudomonas tolaasii,ALK,8.397598056364648,2.3430149428726494e-07
285,Pseudomonas umsongensis,MAP2K1,36.7368005696771,3.965431131298109e-07
286,Pseudomonas umsongensis,NF1,16.59682231151609,3.965431131298109e-07
287,Marinobacter nauticus,NRG1,9.051554244858874,4.036019996752311e-07
288,Acinetobacter sp. TGL-Y2,ROS1,6.553619185814701,1.971508526804579e-05
289,Acinetobacter haemolyticus,KRAS,10.800661042668033,8.44929637702556e-05
290,Methylobacterium mesophilicum,NF1,19.599991037024942,2.062626796098463e-06
291,Sinorhizobium fredii,MAP2K1,11.148528910161648,2.1407084826183884e-06
292,Sinorhizobium fredii,ITGA1,9.46883278811019,2.1407084826183884e-06
293,Xanthobacter dioxanivorans,BRAF,6.76171002769836,1.4729302516587599e-05
294,Methylocella silvestris,BRAF,5.854703651395667,3.7174415631682477e-06
295,Stappia indica,EGFR,36.7368005696771,4.7472954133218865e-06
296,Azospirillum argentinense,MET,13.578317104951319,8.359039907514873e-06
297,Azospirillum argentinense,TGFB2,5.860611943174339,8.359039907514873e-06
298,Sphingomonas sp. NIC1,ADAMTSL3,9.815185714618366,8.453505622152033e-05
299,Sphingomonas sp. NIC1,EGFR,7.290053256055071,8.453505622152033e-05
300,Neotabrizicola shimadae,MET,15.024617903136578,1.4187043888084142e-05
301,Delftia lacustris,TP53,6.794482158366646,4.98308246610353e-05
302,Hydrogenophaga taeniospiralis,PIK3CA,6.722173201665887,6.34400889983942e-06
303,Variovorax sp. RA8,MAP2K1,13.815510557935518,1.7250294392060408e-05
304,Variovorax sp. RA8,CHRNA3,8.743163957192985,1.7250294392060408e-05
305,Limnohabitans sp. TEGF004,KRAS,11.402376584863712,5.12376133580383e-07
306,Limnohabitans sp. TEGF004,PIK3CA,14.49646393476944,5.12376133580383e-07
307,Limnohabitans sp. TEGF004,ITGA1,11.037269586166765,5.12376133580383e-07
308,Limnohabitans sp. TEGF004,FAM13A,6.787585809340462,5.12376133580383e-07
309,Burkholderia pyrrocinia,BRAF,5.781491561509995,1.8196235648394501e-06
310,Aquincola tertiaricarbonis,BRAF,12.515627607201967,5.976821134876047e-05
311,Aquincola tertiaricarbonis,NF1,15.469514093727115,5.976821134876047e-05
312,Aquincola tertiaricarbonis,FBXO38,25.41444256571468,5.976821134876047e-05
313,Dechloromonas denitrificans,NF1,13.815510557935518,8.05168530638189e-06
314,Dechloromonas denitrificans,FBXO38,19.080437067558787,8.05168530638189e-06
315,Kingella oralis,NPNT,7.09118136024568,3.3172400934404546e-05
316,Kingella oralis,MYC,10.699567949838587,3.3172400934404546e-05
317,Streptococcus marmotae,IL17RD,6.309863054625988,0.00014116797892561249
318,Corynebacterium segmentosum,EGFR,16.455345979463196,2.8159613765455485e-05
319,Mycolicibacterium baixiangningiae,ERBB2,7.945241125774059,1.796982357217682e-07
320,Mycobacterium kubicae,NF1,12.14745388009424,2.7951598104949445e-07
321,Mycobacterium spongiae,HHIP,9.757324797763614,2.5483132095095514e-07
322,Microbacterium sediminis,FAM13A,11.784924212774339,1.3672780898618063e-05
323,Janibacter indicus,NF1,28.106457280328208,2.2322011860705903e-05
324,Janibacter indicus,FBXO38,13.239350202532513,2.2322011860705903e-05
325,Prevotella histicola,MYC,35.63818828100899,0.005307330060969985
326,Bacteroides heparinolyticus,MYC,16.640527957046256,1.8574517812051608e-05
327,Bacteroides helcogenes,MYC,14.608613816989603,2.6896522481188415e-06
328,Bacteroides xylanisolvens,HHIP,7.789267647680497,2.669829416969539e-06
329,Petrimonas mucosa,ALK,20.409379519845178,5.501010793386042e-06
330,Flavobacterium sp. CC-SYL302,KRAS,10.401578037121658,1.8126924185811405e-06
331,Flavobacterium sp. CC-SYL302,FAM13A,6.575274484614908,1.8126924185811405e-06
332,Gemmatimonas groenlandica,FAM13A,10.404313734362587,1.0075886577128085e-05
333,Gemmatimonas groenlandica,TGFB2,7.261302630719511,1.0075886577128085e-05
334,Campylobacter avium,CHRM3,16.35014953491389,8.965639342979365e-05
335,Desulfovibrio piger,KRAS,10.503358448428797,3.233591057087022e-06
336,Desulfoluna limicola,KRAS,11.545913966953563,2.7455443702696072e-06
337,Leptotrichia sp. oral taxon 847,CHRM3,10.44507072593861,3.7094395856929736e-05
338,Leptotrichia sp. oral taxon 847,TGFB2,5.81103933767165,3.7094395856929736e-05
339,Lachnospira eligens,MYC,8.309470856646078,9.71874544070088e-05
340,Massilistercora timonensis,NRG1,11.001457863363544,1.0340181506754648e-05
341,Veillonella sp. S12025-13,MYC,19.314608953766857,0.002379381605558823
342,Cyanobacterium aponinum,NF1,14.992999232533334,4.1843075214646784e-06
343,Enterobacter soli,HHIP,9.917634477406487,3.864642882552011e-06
344,Hafnia alvei,NRG1,12.239888611951155,2.755301878484857e-07
345,Acinetobacter sp. LUNF3,ROS1,17.825278027110265,0.00046380719250196624
346,Acinetobacter sp. Z1,FBXO38,15.003689719194004,1.2514008226265654e-05
347,Acinetobacter guillouiae,NF1,5.807396458169029,0.00013176587625841606
348,Stenotrophomonas sp. 169,NF1,11.557280774034734,1.6180557264630769e-06
349,Lysobacter enzymogenes,FBXO38,18.824205822365208,5.506302814454962e-06
350,Acidovorax sp. KKS102,FBXO38,14.721452490829373,6.129665682560212e-05
351,Acidovorax sp. KKS102,ADGRG6,9.47497734700943,6.129665682560212e-05
352,Acidovorax sp. KKS102,TGFB2,12.040333856843425,6.129665682560212e-05
353,Acidovorax sp. KKS102,EGFR,24.173420680152017,6.129665682560212e-05
354,Acidovorax sp. RAC01,EGFR,5.81488730493067,6.535321799448027e-06
355,Achromobacter spanius,MET,14.585132473179478,2.9129933625807776e-05
356,Nitrosospira sp. NRS527,BRAF,7.1652940593348795,9.915389954354595e-05
357,Bradyrhizobium sediminis,FBXO38,14.287967161737358,4.740877261932176e-06
358,Mesorhizobium sp. 8,NF1,7.583004340002885,1.0699720460922374e-06
359,Microvirga sp. VF16,MFAP2,13.45147494837497,2.5578254138220146e-06
360,Rhodobacter sp. LPB0142,NF1,27.561051642470538,3.207859997917315e-05
361,Candidatus Puniceispirillum marinum,ROS1,8.816615347795151,1.0810207517527505e-06
362,Prevotella jejuni,MYC,28.092974727327498,0.0036404631292257027
363,Prevotella ruminicola,MYC,16.40460758500723,3.213916319725098e-05
364,Phocaeicola coprophilus,TGFB2,9.566457977854187,0.00015557941887919176
365,Bacteroides sp. HF-162,MYC,7.0527659427404075,0.00043380656982291933
366,Bacteroides eggerthii,MYC,14.942128206445076,2.075500321499863e-06
367,Parabacteroides johnsonii,MYC,11.733044875874102,2.6506149307483644e-05
368,Candidatus Koribacter versatilis,TGFB2,14.95245455376282,2.2677376920034477e-05
369,Human mastadenovirus C,ADAMTSL3,9.949596478008713,1.8769736514866012e-07
370,Besnoitia besnoiti,KRAS,21.098585484711098,5.026578924764198e-07
371,Plasmodium coatneyi,NPNT,7.299287567477496,2.233659427227084e-07
372,Clostridium gasigenes,KRAS,18.703151081116676,3.646747131598272e-06
373,Clostridium gasigenes,FBXO38,10.540535387642542,3.646747131598272e-06
374,Nodularia sphaerocarpa,NRG1,6.322920444805476,2.4468143217875097e-05
375,Synechococcus sp. PROS-U-1,CHRM3,6.306427254852385,1.5642792750951196e-06
376,Leptolyngbya sp. NIES-3755,KRAS,8.623483641304523,5.414239681739414e-05
377,Leptolyngbya sp. NIES-3755,NRG1,6.828011728265253,5.414239681739414e-05
378,Klebsiella grimontii,MET,9.857558187734414,1.3795736990812125e-06
379,Klebsiella grimontii,ADAMTSL3,6.257264931469922,1.3795736990812125e-06
380,Moraxella nasicaprae,EGFR,5.7919230887431405,6.494599049265837e-06
381,Stenotrophomonas sp. WZN-1,MET,11.683020974853443,1.1032936396309402e-06
382,Paraburkholderia tropica,FBXO38,8.377646788091702,1.241385443917865e-06
383,Paraburkholderia tropica,NPNT,7.06548794987215,1.241385443917865e-06
384,Bradyrhizobium sp. 191,MAP2K1,16.532007168986603,5.081525452009452e-07
385,Bradyrhizobium sp. 191,ADAMTSL3,19.87022625324884,5.081525452009452e-07
386,Mesorhizobium loti,MET,9.6370089165713,2.1408476348581406e-06
387,Marivivens sp. JLT3646,MAP2K1,7.380581027024397,3.601668227747426e-06
388,Olivibacter sp. LS-1,ERBB2,7.1068607853367,4.772725724292077e-06
389,Olivibacter sp. LS-1,NRG1,11.893836649342022,4.772725724292077e-06
390,Olivibacter sp. LS-1,MYC,10.143162710657428,4.772725724292077e-06
391,Aquirufa lenticrescens,HHIP,7.247062969852037,6.176401944996702e-08
392,Saccharolobus shibatae,TGFB2,20.42086022172233,2.212335251637619e-06
393,Acinetobacter nosocomialis,KRAS,6.385599374166216,1.4060210960997199e-05
394,Moraxella cuniculi,KRAS,10.075454359272992,1.819654634906494e-05
395,Moraxella cuniculi,ROS1,7.241155808226331,1.819654634906494e-05
396,Moraxella cuniculi,FBXO38,7.534108435338313,1.819654634906494e-05
397,Psychrobacter sp. 28M-43,FBXO38,8.087045723548782,6.895928905045213e-05
398,Roseobacter ponti,NRG1,6.459683237172318,2.3604568979894348e-06
399,Roseobacter ponti,PIK3CA,16.778138283127998,2.3604568979894348e-06
400,Acidovorax sp. T1,MET,10.206149774217382,8.809304147361149e-05
401,Ruania halotolerans,IL17RD,6.0778669318542216,1.2441491780493494e-06
402,Metamycoplasma salivarium,EGFR,6.87480731288147,4.2757035375446554e-05
403,Synechococcus sp. KORDI-52,MYC,6.9788288856127645,7.050805316299599e-07
404,Capnocytophaga sputigena,ITGA1,9.10869930148612,0.00022258844870216363
405,Acinetobacter sp. YH16040_T,EGFR,18.842496949645962,1.989030770257192e-06
406,Acinetobacter wuhouensis,ROS1,9.660851607706453,4.614035768747177e-05
407,Acinetobacter wuhouensis,MAP2K1,11.316120720079324,4.614035768747177e-05
408,Pasteurella canis,SERPINA1,6.399996257390024,1.9422320576333462e-05
409,Erythrobacter sp. BLCC-B19,EGFR,19.447313840869384,8.459711108689158e-06
410,Phaeobacter inhibens,MAP2K1,27.224949187312696,4.223388639273569e-07
411,Phaeobacter inhibens,TGFB2,22.14291145409025,4.223388639273569e-07
412,Olsenella sp. oral taxon 807,ITGA1,5.884193335384901,2.990673566556955e-05
413,Marinobacter sp. LQ44,MET,5.997450258720301,7.232086484201714e-07
414,Paraburkholderia fungorum,EGFR,12.18145454627179,1.5098176269269165e-06
415,Cupriavidus sp. USMAA2-4,KRAS,6.120973892146066,2.6530097284481948e-06
416,Cupriavidus sp. USMAA2-4,CDKN2A,6.389443264091403,2.6530097284481948e-06
417,Sphingomonas sp. LK11,MET,7.013592707709593,3.6649023126031886e-05
418,Sphingomonas sp. LK11,CDKN2A,10.131110635663362,3.6649023126031886e-05
419,Streptomyces caniscabiei,TGFB2,12.426584166217772,4.833611270786116e-07
420,Stenotrophomonas sp. 704A1,FBXO38,5.843952007250572,1.7277691395514542e-06
421,Limnohabitans sp. INBF002,EGFR,6.46391112278002,2.7172827068308086e-07
422,Paradevosia shaoguanensis,ROS1,13.574999094647474,3.6514871213298425e-06
423,Paradevosia shaoguanensis,NF1,6.93007860679957,3.6514871213298425e-06
424,Paradevosia shaoguanensis,EGFR,8.477659303312599,3.6514871213298425e-06
425,Phaeobacter gallaeciensis,MFAP2,7.302208601028973,3.5851253266255184e-07
426,Catenibacterium mitsuokai,EGFR,13.166513110966624,1.0281623471451824e-05
427,Alteromonas sp. B31-7,KRAS,9.072513581819438,4.093008639829916e-06
428,Alteromonas sp. B31-7,NF1,11.392855396201723,4.093008639829916e-06
429,Porphyrobacter sp. YT40,ERBB2,14.606782015234286,9.755680406087596e-06
430,Porphyrobacter sp. YT40,MFAP2,12.78332590882084,9.755680406087596e-06
431,Pseudosulfitobacter sp. DSM 107133,FAM13A,6.269537903501805,5.172129347503329e-07
432,Thalassospira sp. A40-3,ITGA1,5.980243011486385,2.524096565091672e-07
433,Paraburkholderia aromaticivorans,NF1,22.49723739334923,4.949755766510054e-06
434,Paraburkholderia aromaticivorans,FBXO38,9.186067266671344,4.949755766510054e-06
435,Neisseria arctica,IL17RD,7.369025432628031,2.2067597811049087e-05
436,Anabaena sp. YBS01,NF1,12.901443040871687,5.5090391462005914e-05
437,Planktothrix agardhii,NF1,6.821651244862072,1.0344801367551324e-05
438,Leptotrichia buccalis,TGFB2,11.924598632993183,0.0001270571306455827
439,Treponema denticola,IL17RD,19.98291072386784,3.5496022792607584e-05
440,Thaumasvirus stim4,CHRM3,10.980096973999986,2.62079437850089e-07
441,Lipsvirus ssm7,CHRNA5,10.680214492481936,3.2382494355148353e-09
442,Polynucleobacter sp. MWH-CaK5,FBXO38,9.861866242910931,2.8338715830478244e-06
443,Polynucleobacter sp. MWH-CaK5,CHRM3,10.155435719468272,2.8338715830478244e-06
444,Capnocytophaga sp. oral taxon 878,MYC,7.897784854531478,0.00011020786487765353
445,Capnocytophaga sp. oral taxon 323,RB1,8.108544790098065,2.8485079637890567e-05
446,Algoriphagus sp. NBT04N3,TGFB2,6.769908557311532,0.0003444179835487438
447,Campylobacter showae,CHRNA5,9.360945121626255,0.0005401656482778923
448,Neisseria sp. RH3002v2g,RB1,5.780390542516267,5.750922756809438e-05
449,Aliiroseovarius sp. M344,RET,31.130998503381104,5.260408550309583e-08
450,Fusobacterium periodonticum,ADGRG6,7.096491531520287,0.0005334598469297684
451,Chlamydia trachomatis,RET,10.234865805038513,5.609598909879784e-07
452,Kurthia zopfii,ADAMTSL3,6.686815010788267,1.9613832870898608e-05
453,Alistipes onderdonkii,SERPINA1,9.532503226556658,6.316875861906044e-06
454,Enterovirus D,NF1,14.647387177429612,0.0022206318840323927
455,Olsenella uli,ADGRG6,7.854839350488965,2.0537395851625764e-05
456,Moraxella bovoculi,ADAMTSL3,8.965973007033293,0.00021579525780629066
457,Thalassospira marina,CDKN2A,9.099347015340294,3.679329888998527e-06
458,Thalassospira marina,EGFR,21.302590124099854,3.679329888998527e-06
459,Pseudomonas sp. JY-Q,IL17RD,11.189835161353848,2.856397970941727e-07
460,Stenotrophomonas sp. G4,IL10,8.03298937755478,6.373975464685782e-07
461,Komagataeibacter rhaeticus,ADGRG6,7.204468365478774,8.363642857754233e-07
462,Chroococcidiopsis sp. CCNUC1,CHRM3,6.115137393065731,9.377007824111394e-05
463,Bradyrhizobium canariense,CHRM3,8.556453675305544,4.641572424600903e-07
464,Bradyrhizobium canariense,CDKN2A,11.118360571701665,4.641572424600903e-07
465,Stenotrophomonas sp. PAMC25021,SERPINA1,7.554008031736487,1.1583303029027148e-06
466,Mycobacterium canettii,RET,15.851483227358553,5.377680955401922e-08
467,Salegentibacter mishustinae,IL17RD,8.780950112368576,1.1923477801909285e-06
468,Shewanella psychropiezotolerans,CHRM3,18.718404247582722,4.93806799686363e-08
469,Serratia sp. 3ACOL1,ITGA1,11.78633018957421,2.3310871851112342e-08
470,Serratia sp. 3ACOL1,CHRNA5,10.056846246275958,2.3310871851112342e-08
471,Metallosphaera cuprina,CHRNA5,9.931875880794685,1.4902496876615592e-08
472,Andhravirus andhra,NPNT,8.795163968529467,1.8385986930923673e-07
473,Synechococcus sp. KORDI-100,ADGRG6,6.62300548769576,5.148777207340126e-08
474,Pseudoalteromonas sp. Scap25,ITGA1,6.318099785809595,1.0832031067422777e-06
